Workbook

Sheet Raw Data
A1: Date | B1: AT | C1: WS | D1: RH | E1: BP | F1: SR | G1: Energy (kwh)
A2: 43476 | B2: 26.63 | C2: 0.57 | D2: 64.46 | E2: 704.29 | F2: 160.61 | G2: 586
A3: 43477 | B3: 26.18 | C3: 0.69 | D3: 73.2 | E3: 705.52 | F3: 147.94 | G3: 243
A4: 43478 | B4: 26.01 | C4: 0.93 | D4: 70.77 | E4: 706.72 | F4: 143.19 | G4: 464
A5: 43479 | B5: 26.56 | C5: 0.58 | D5: 62.06 | E5: 706.69 | F5: 170.26 | G5: 583
A6: 43480 | B6: 26.97 | C6: 0.59 | D6: 60.59 | E6: 704.56 | F6: 161.77 | G6: 617
A7: 43481 | B7: 26.5 | C7: 0.59 | D7: 54.55 | E7: 702.33 | F7: 169.23 | G7: 636
A8: 43482 | B8: 25.44 | C8: 1.15 | D8: 70.64 | E8: 701.85 | F8: 161.03 | G8: 591
A9: 43483 | B9: 24.96 | C9: 0.95 | D9: 74.78 | E9: 703.4 | F9: 139.9 | G9: 507
A10: 43484 | B10: 25.46 | C10: 0.94 | D10: 57.22 | E10: 704.6 | F10: 162.02 | G10: 593
A11: 43485 | B11: 24.83 | C11: 0.89 | D11: 59.33 | E11: 705.35 | F11: 161.86 | G11: 587
A12: 43486 | B12: 25.19 | C12: 0.6 | D12: 55.71 | E12: 704.78 | F12: 169.32 | G12: 635
A13: 43487 | B13: 25.35 | C13: 0.64 | D13: 57.62 | E13: 705.7 | F13: 165.42 | G13: 602
... A31: 43505 | B31: 23.68 | C31: 0.67 | D31: 59.58 | E31: 706.72 | F31: 148.84 | G31: 666
G32: =SUM(Table1[Energy (kwh)]) -> 18118

Sheet Analysis
A2: KPI | B2: Value
A3: Total Energy (kWh) | B3: =SUM(Table1[Energy (kwh)]) -> 18118
A4: Average Daily Energy | B4: =AVERAGE(Table1[Energy (kwh)]) -> 603.93333
A5: Max Daily Energy | B5: =MAX(Table1[Energy (kwh)]) -> 716
A6: Min Daily Energy | B6: =MIN(Table1[Energy (kwh)]) -> 243
A7: Enegy STD Deviation | B7: =_xlfn.STDEV.P(Table1[Energy (kwh)]) -> 92.718547
A8: Average SR | B8: =AVERAGE(Table1[SR]) -> 156.61033
A41: Normalized Performance Metrics
A42: Energy per Radiation | B42: Daily Performance Index | C42: Performance Flag
A43: ='Raw Data'!G2/'Raw Data'!F2 -> 3.6485898 | B43: =('Raw Data'!G2/Analysis!B4) / ('Raw Data'!F2/Analysis!B8) -> 0.94614227 | C43: =IF($A$43<AVERAGE($A$43:$A$72)*0.85, "INVESTIGATE", "OK") -> OK
A44: ='Raw Data'!G3/'Raw Data'!F3 -> 1.6425578 | B44: =('Raw Data'!G3/Analysis!B4) / ('Raw Data'!F3/Analysis!B8) -> 0.42594358 | C44: =IF($A$43<AVERAGE($A$43:$A$72)*0.85, "INVESTIGATE", "OK") -> OK
A45: ='Raw Data'!G4/'Raw Data'!F4 -> 3.2404498 | B45: =('Raw Data'!G4/Analysis!$B$4) / ('Raw Data'!F4/Analysis!$B$8) -> 0.84030453 | C45: =IF($A$43<AVERAGE($A$43:$A$72)*0.85, "INVESTIGATE", "OK") -> OK
A46: ='Raw Data'!G5/'Raw Data'!F5 -> 3.4241748 | B46: =('Raw Data'!G5/Analysis!$B$4) / ('Raw Data'!F5/Analysis!$B$8) -> 0.8879476 | C46: =IF($A$43<AVERAGE($A$43:$A$72)*0.85, "INVESTIGATE", "OK") -> OK
A47: ='Raw Data'!G6/'Raw Data'!F6 -> 3.814057 | B47: =('Raw Data'!G6/Analysis!$B$4) / ('Raw Data'!F6/Analysis!$B$8) -> 0.98905078 | C47: =IF($A$43<AVERAGE($A$43:$A$72)*0.85, "INVESTIGATE", "OK") -> OK
A48: ='Raw Data'!G7/'Raw Data'!F7 -> 3.7581989 | B48: =('Raw Data'!G7/Analysis!$B$4) / ('Raw Data'!F7/Analysis!$B$8) -> 0.97456582 | C48: =IF($A$43<AVERAGE($A$43:$A$72)*0.85, "INVESTIGATE", "OK") -> OK
A49: ='Raw Data'!G8/'Raw Data'!F8 -> 3.6701236 | B49: =('Raw Data'!G8/Analysis!$B$4) / ('Raw Data'!F8/Analysis!$B$8) -> 0.95172637 | C49: =IF($A$43<AVERAGE($A$43:$A$72)*0.85, "INVESTIGATE", "OK") -> OK
A50: ='Raw Data'!G9/'Raw Data'!F9 -> 3.6240172 | B50: =('Raw Data'!G9/Analysis!$B$4) / ('Raw Data'!F9/Analysis!$B$8) -> 0.93977018 | C50: =IF($A$43<AVERAGE($A$43:$A$72)*0.85, "INVESTIGATE", "OK") -> OK
A51: ='Raw Data'!G10/'Raw Data'!F10 -> 3.660042 | B51: =('Raw Data'!G10/Analysis!$B$4) / ('Raw Data'!F10/Analysis!$B$8) -> 0.94911203 | C51: =IF($A$43<AVERAGE($A$43:$A$72)*0.85, "INVESTIGATE", "OK") -> OK
A52: ='Raw Data'!G11/'Raw Data'!F11 -> 3.6265909 | B52: =('Raw Data'!G11/Analysis!$B$4) / ('Raw Data'!F11/Analysis!$B$8) -> 0.94043759 | C52: =IF($A$43<AVERAGE($A$43:$A$72)*0.85, "INVESTIGATE", "OK") -> OK
A53: ='Raw Data'!G12/'Raw Data'!F12 -> 3.7502953 | B53: =('Raw Data'!G12/Analysis!$B$4) / ('Raw Data'!F12/Analysis!$B$8) -> 0.97251628 | C53: =IF($A$43<AVERAGE($A$43:$A$72)*0.85, "INVESTIGATE", "OK") -> OK
A54: ='Raw Data'!G13/'Raw Data'!F13 -> 3.6392214 | B54: =('Raw Data'!G13/Analysis!$B$4) / ('Raw Data'!F13/Analysis!$B$8) -> 0.94371289 | C54: =IF($A$43<AVERAGE($A$43:$A$72)*0.85, "INVESTIGATE", "OK") -> OK
A55: ='Raw Data'!G14/'Raw Data'!F14 -> 3.7230529 | B55: =('Raw Data'!G14/Analysis!$B$4) / ('Raw Data'!F14/Analysis!$B$8) -> 0.96545185 | C55: =IF($A$43<AVERAGE($A$43:$A$72)*0.85, "INVESTIGATE", "OK") -> OK
A56: ='Raw Data'!G15/'Raw Data'!F15 -> 3.7724294 | B56: =('Raw Data'!G15/Analysis!$B$4) / ('Raw Data'!F15/Analysis!$B$8) -> 0.97825604 | C56: =IF($A$43<AVERAGE($A$43:$A$72)*0.85, "INVESTIGATE", "OK") -> OK
... A72: ='Raw Data'!G31/'Raw Data'!F31 -> 4.4746036 | B72: =('Raw Data'!G31/Analysis!$B$4) / ('Raw Data'!F31/Analysis!$B$8) -> 1.1603419 | C72: =IF($A$43<AVERAGE($A$43:$A$72)*0.85, "INVESTIGATE", "OK") -> OK

Sheet Monthly Performance Report
A1: Solar Power Plant Performance Dashboard
B3: Total Energy (kWh) | C3: Average Daily Energy | D3: Best Day Output(kWh) | E3: Worst Day Output (kWh)
B4: =Analysis!B3 -> 18118 | C4: =Table2[[#This Row],[Value ]] -> 603.93333 | D4: =Analysis!B5 -> 716 | E4: =Analysis!B6 -> 243
